embeddings	lexico	size_emo_emb	accuracy	precision	recall	f1_score
glove		300	0.805708 (0.0088)	0.864891 (0.0053)	0.870078 (0.0164)	0.867364 (0.0074)
word2vec		300	0.822888 (0.0171)	0.863736 (0.0270)	0.901641 (0.0206)	0.881664 (0.0083)
